{"cameraMode":{"drawMode":0,"name":"Shaded","section":"Shading Mode"},"sceneLighting":true,"audioPlay":false,"sceneViewState":{"showFog":true,"showMaterialUpdate":false,"showSkybox":true,"showFlares":true,"showImageEffects":true,"showParticleSystems":true},"in2DMode":false,"pivot":{"x":0.3886070251464844,"y":10.602005004882813,"z":9.11418342590332},"rotation":{"x":-0.05719278007745743,"y":-0.42681464552879336,"z":0.027053778991103174,"w":-0.9021485447883606},"size":16.025148391723634,"orthographic":false}